height,weight,years,country
74.0,215.0,44.4522259802,USA
75.0,205.0,41.8412670761,USA
67.0,165.0,38.0905821445,USA
67.0,155.0,35.9070205007,USA
74.0,168.0,,USA
67.0,159.0,42.6440068021,CHL
70.0,150.0,33.9508561172,ZAF
,,,USA
,,,USA
72.0,710.0,32.8166095418,USA
71.0,145.0,45.9261985829,NZL
69.0,170.0,43.6988013226,AUS
72.0,195.0,,USA
73.0,185.0,45.9700341994,AUS
74.0,175.0,37.2275684459,USA
,,31.8166095418,CHL
68.0,155.0,32.137157487,PRI
73.0,165.0,,TTO
73.0,209.0,25.7727739254,KOR
,,25.6577054322,USA
67.0,,,USA
,,,USA
73.0,180.0,31.3645547473,USA
74.0,170.0,45.4440068021,SWE
69.0,160.0,,USA
,,25.3727739254,USA
68.0,228.0,27.9261985829,THA
73.0,195.0,46.1672944733,AUS
72.0,185.0,38.3015410487,MEX
,,,USA
,,,USA
69.0,160.0,41.337157487,USA
74.0,190.0,,USA
73.0,143.0,31.7864725555,AUS
70.0,155.0,,USA
,,,USA
,,,USA
73.0,185.0,44.2796232405,IND
72.0,190.0,,USA
72.0,185.0,43.1892122816,USA
74.0,175.0,,USA
68.0,175.0,34.4412670761,USA
,,,USA
72.0,175.0,36.2823629665,USA
69.0,180.0,31.0166095418,KOR
65.0,,26.7152396788,KOR
,,,NZL
71.0,185.0,45.1371574871,USA
73.0,175.0,31.3234588569,USA
,,,USA
,,,ENG
73.0,175.0,33.8549657062,USA
71.0,,31.334417761,ENG
,,,USA
,,24.5974314597,CAN
70.0,,,USA
,,,USA
76.0,195.0,41.9672944734,USA
,,,USA
71.0,170.0,,USA
71.0,200.0,44.9371574871,USA
73.0,198.0,36.0933218706,AUS
74.0,200.0,36.3892122816,USA
,,,USA
,,,USA
72.0,180.0,34.6768835145,CAN
70.0,185.0,44.3426369391,USA
69.0,160.0,23.7946917336,CAN
72.0,195.0,,USA
71.0,175.0,,NZL
,,,USA
74.0,215.0,47.3727739254,USA
68.0,165.0,46.8522259802,USA
71.0,195.0,44.7919520076,USA
74.0,198.0,32.6220889939,ZAF
76.0,215.0,32.7124999528,USA
,,,ESP
74.0,168.0,31.4768835145,ENG
,,,USA
71.0,170.0,48.4604451583,USA
73.0,165.0,24.2166095419,USA
,,22.531678035,CAN
74.0,185.0,47.2549657063,USA
71.0,180.0,42.2166095419,USA
72.0,183.0,29.1645547474,IND
75.0,,,USA
72.0,190.0,43.8029109117,USA
,,,USA
,,,USA
73.0,,26.4988013227,USA
75.0,183.0,25.8659246104,DNK
74.0,194.0,46.3645547474,DNK
69.0,163.0,38.1453766652,NOR
,,,USA
,,,USA
67.0,125.0,,USA
71.0,,34.9015410487,USA
70.0,,30.4056506378,USA
73.0,190.0,34.8385273501,AUS
70.0,220.0,44.6549657063,USA
74.0,187.0,33.6988013227,USA
71.0,162.0,33.1755136515,SWE
,,,USA
72.0,180.0,44.1837328296,USA
74.0,200.0,41.2823629666,USA
74.0,185.0,40.4166095419,USA
72.0,275.0,,USA
73.0,191.0,,CAN
74.0,,29.8768835145,FRA
71.0,154.0,35.1755136515,FRA
,,,
72.0,200.0,34.0549657063,AUS
73.0,174.0,30.728938309,ENG
,,26.0960615967,USA
74.0,190.0,31.0549657063,USA
72.0,200.0,,USA
71.0,170.0,,USA
76.0,195.0,29.2193492679,USA
,,,USA
69.0,,34.126198583,USA
70.0,165.0,47.7645547474,USA
,,,USA
70.0,,38.5015410488,AUS
76.0,205.0,31.227568446,USA
73.0,215.0,,USA
76.0,195.0,41.1563355693,USA
73.0,175.0,38.9590752953,USA
,,31.4659246104,SWE
73.0,200.0,40.3892122816,USA
,,,
72.0,156.0,30.4741437885,ENG
69.0,150.0,,USA
71.0,175.0,,USA
67.0,160.0,35.027568446,USA
67.0,165.0,29.819349268,USA
70.0,,,USA
72.0,170.0,42.3864725556,USA
68.0,165.0,34.1015410488,USA
71.0,190.0,38.1398972132,CAN
69.0,175.0,,USA
75.0,165.0,25.2330478981,FRA
,,,USA
72.0,195.0,,USA
69.0,180.0,34.7590752954,AUS
,,,USA
73.0,180.0,23.8467465282,USA
,,,CAN
,,44.3481163913,USA
72.0,175.0,30.0686643365,USA
73.0,170.0,30.0768835145,CAN
71.0,167.0,28.0659246104,ZWE
68.0,165.0,49.2385273502,USA
77.0,218.0,42.8056506378,USA
,,,USA
69.0,165.0,39.419349268,USA
70.0,175.0,,USA
70.0,,,USA
72.0,210.0,47.8001711858,ARG
73.0,,28.0577054324,ARG
73.0,179.0,33.0905821447,ESP
71.0,187.0,,ARG
68.0,185.0,,USA
72.0,240.0,,USA
68.0,,25.9946917337,PRI
,,24.3042807748,USA
73.0,205.0,43.0823629666,USA
,,,USA
71.0,176.0,31.4714040625,ESP
,,,USA
68.0,,,PRI
,,,USA
71.0,158.0,33.822088994,ESP
,,,USA
70.0,160.0,25.2741437885,USA
,,,CHN
62.0,,,USA
72.0,,27.2001711858,DNK
70.0,176.0,38.2714040625,ARG
68.0,160.0,,USA
74.0,195.0,42.3152396789,
71.0,176.0,36.8522259803,SWE
71.0,170.0,44.9316780351,USA
72.0,160.0,27.0001711858,USA
,,,
73.0,180.0,31.022088994,CAN
72.0,185.0,,USA
,,,USA
73.0,185.0,,USA
70.0,180.0,39.9398972132,ENG
72.0,170.0,31.9289383091,USA
67.0,150.0,27.2796232406,USA
69.0,,27.8631848844,MEX
68.0,168.0,46.5782533776,CZE
72.0,200.0,43.717979405,AUS
,,,USA
,,,USA
,,,USA
72.0,190.0,30.9700341995,USA
65.0,,39.123458857,IND
,,27.8357876242,ENG
67.0,165.0,44.6330478981,MYS
,,,
71.0,175.0,25.1426369392,CAN
67.0,,33.0851026927,KOR
68.0,185.0,47.117979405,KOR
72.0,180.0,43.517979405,SWE
68.0,160.0,45.8988013228,ENG
,,26.6467465283,THA
69.0,150.0,27.4467465283,USA
,,,
76.0,205.0,44.1097602269,USA
70.0,165.0,,USA
67.0,165.0,41.5344177612,ZAF
,,,USA
70.0,180.0,48.1590752954,USA
74.0,215.0,48.8796232406,NIR
70.0,170.0,35.7864725557,USA
72.0,195.0,,USA
71.0,170.0,,ARG
,,,USA
72.0,190.0,,USA
70.0,209.0,30.9426369393,ZAF
67.0,150.0,27.1070205009,USA
65.0,160.0,48.6988013228,AUS
,,21.0494862543,AUS
69.0,165.0,38.7727739256,USA
70.0,175.0,38.8467465283,USA
70.0,154.0,34.619349268,BEL
68.0,150.0,37.6303081721,USA
73.0,195.0,41.9946917338,USA
,,20.7645547475,USA
,,25.4686643365,CAN
,,,
67.0,,26.2878424187,USA
72.0,175.0,,USA
72.0,192.0,,USA
,,,USA
,,,USA
72.0,160.0,26.7618150215,CAN
,,,USA
,,,USA
73.0,175.0,38.2796232406,USA
76.0,225.0,44.1645547475,USA
,,31.2823629667,ENG
71.0,185.0,,USA
,,,USA
71.0,165.0,41.315239679,USA
,,,USA
69.0,157.0,,USA
74.0,165.0,38.6467465283,ITA
,,,USA
,,,USA
,,32.7289383091,AUS
68.0,160.0,38.6604451585,USA
65.0,160.0,,USA
,,30.3563355694,USA
71.0,175.0,40.0933218708,USA
,,,USA
69.0,166.0,45.4330478982,BRA
72.0,160.0,29.6248287201,USA
75.0,159.0,,USA
70.0,180.0,,USA
71.0,185.0,,USA
,,,USA
68.0,180.0,44.6741437886,USA
,,23.4385273502,USA
,,,USA
,,,USA
71.0,185.0,42.909760227,ENG
,,,AUS
72.0,190.0,,DEU
70.0,170.0,,USA
72.0,165.0,29.6220889941,AUS
,,,USA
72.0,230.0,36.9453766653,ZWE
70.0,185.0,45.4193492681,AUS
74.0,220.0,42.712499953,USA
73.0,,23.7727739256,USA
71.0,165.0,35.4303081722,CAN
67.0,155.0,35.7371574872,USA
77.0,210.0,,USA
74.0,183.0,43.4878424188,NLD
70.0,160.0,40.1042807749,USA
66.0,180.0,30.3946917338,MEX
72.0,178.0,36.1453766653,USA
72.0,180.0,48.8549657064,USA
73.0,182.0,34.4960615968,ENG
73.0,196.0,39.5261985831,SCT
,,,USA
69.0,160.0,33.1426369393,USA
72.0,187.0,31.416609542,AUS
73.0,180.0,29.5563355694,CAN
66.0,,24.7919520078,CHL
69.0,160.0,39.5590752955,ENG
71.0,174.0,41.6960615968,WLS
70.0,180.0,,USA
,,,USA
,,26.1289383092,USA
,,,USA
,,,USA
,,,USA
72.0,168.0,43.9837328297,WLS
,,26.5864725558,AUS
72.0,190.0,39.7207191311,USA
72.0,,,CAN
73.0,,27.1782533777,FRA
70.0,180.0,40.2659246105,USA
,,34.2905821448,USA
73.0,205.0,48.4193492681,USA
,,,USA
,,27.9535958434,USA
71.0,180.0,,USA
73.0,183.0,24.1892122818,USA
,,24.5782533777,IRL
70.0,170.0,,USA
72.0,180.0,45.6412670763,USA
72.0,168.0,39.5207191311,ENG
,,,
,,,COL
68.0,168.0,38.21113009,SWE
,,,USA
75.0,190.0,,CAN
70.0,220.0,,USA
73.0,195.0,,USA
75.0,175.0,42.2878424188,USA
74.0,190.0,,AUS
75.0,220.0,47.7042807749,ZAF
,,,USA
75.0,185.0,27.9261985832,USA
71.0,,29.0275684462,WLS
69.0,145.0,34.6686643366,USA
,,,USA
72.0,170.0,27.112499953,USA
74.0,,,USA
74.0,180.0,,USA
,,45.1672944736,PRI
74.0,13.0,32.7618150215,ARG
68.0,,29.0138698161,ARG
,,,
,,,USA
,170.0,29.2823629667,USA
,,30.2522259804,ENG
71.0,200.0,33.5645547476,USA
73.0,185.0,,USA
75.0,195.0,,GBR
,,29.2549657065,WLS
68.0,,30.5316780352,USA
71.0,169.0,45.1700341996,SWE
,,31.4330478982,USA
73.0,190.0,,USA
,,,AUS
,,24.8933218709,ESP
73.0,187.0,36.707020501,ESP
71.0,150.0,25.0467465284,ARG
,,,USA
72.0,160.0,,CAN
68.0,172.0,42.1316780352,ZAF
72.0,220.0,,USA
67.0,,,USA
,,,USA
76.0,200.0,,USA
74.0,202.0,40.0549657065,ENG
73.0,175.0,27.8796232407,USA
73.0,179.0,28.7672944736,ENG
75.0,168.0,36.5974314599,ENG
77.0,180.0,38.0577054325,ZAF
,,,USA
70.0,140.0,23.4577054325,ENG
70.0,145.0,33.0385273503,AUS
73.0,,26.4330478983,ENG
71.0,165.0,50.109760227,USA
73.0,,,SWE
71.0,170.0,,USA
72.0,180.0,35.3590752955,USA
,,,USA
74.0,185.0,30.0933218709,USA
69.0,150.0,28.701541049,USA
68.0,145.0,29.7590752955,USA
,,,NZL
75.0,160.0,26.4467465284,USA
69.0,165.0,,PRY
73.0,185.0,45.3316780353,USA
72.0,197.0,38.9261985832,AUS
72.0,165.0,,MEX
72.0,190.0,45.9234588572,USA
72.0,180.0,,USA
70.0,215.0,39.6357876243,CAN
69.0,150.0,34.1590752955,USA
71.0,195.0,,ZAF
61.0,135.0,26.4631848846,USA
65.0,150.0,27.6686643366,JPN
66.0,154.0,48.0412670764,JPN
,,,MYS
68.0,165.0,,USA
74.0,185.0,47.1371574873,USA
74.0,,,USA
,,,USA
72.0,181.0,41.8796232407,USA
74.0,192.0,42.6604451586,SCT
72.0,185.0,,USA
72.0,200.0,,USA
69.0,180.0,48.9453766654,USA
68.0,200.0,41.8138698161,USA
69.0,180.0,25.8248287202,USA
,,,USA
70.0,160.0,37.4686643366,ESP
,,,ESP
71.0,182.0,41.2714040627,AUS
,,,USA
,,,
71.0,175.0,33.808390364,USA
73.0,180.0,23.0686643367,USA
71.0,190.0,39.6303081723,USA
,,,USA
,,,USA
78.0,225.0,31.4878424188,USA
75.0,180.0,32.0467465284,USA
70.0,155.0,45.5453766654,USA
76.0,200.0,49.1097602271,USA
,,,ITA
72.0,175.0,25.5371574873,USA
,,,USA
,,31.400171186,AUS
,,,USA
69.0,175.0,39.0631848846,CAN
,,,USA
72.0,200.0,48.9590752956,USA
71.0,160.0,30.7618150216,USA
72.0,175.0,,USA
76.0,185.0,27.600171186,CAN
74.0,195.0,37.6275684463,USA
,,29.1727739257,ARG
,,,USA
72.0,185.0,43.0467465284,AUS
68.0,155.0,31.9398972134,USA
,,,USA
68.0,160.0,38.6714040627,ARG
74.0,210.0,34.1179794052,USA
,,,USA
72.0,206.0,47.6851026928,ARG
72.0,,25.6138698161,USA
71.0,185.0,48.405650638,ZAF
72.0,170.0,36.1590752956,USA
73.0,235.0,43.1207191312,USA
74.0,175.0,23.202910912,AUS
70.0,175.0,38.1700341997,USA
,,25.8878424189,PRT
74.0,180.0,46.0933218709,USA
71.0,169.0,29.0686643367,ARG
69.0,190.0,,USA
72.0,171.0,29.101541049,ZAF
,,,USA
,,,USA
,,23.4905821449,MYS
69.0,,27.5809931038,USA
68.0,175.0,42.1316780353,AUS
74.0,176.0,46.3618150216,AUS
70.0,170.0,,CAN
,,,USA
,,,USA
69.0,,26.7645547476,USA
74.0,177.0,33.9234588572,AUS
,,,USA
70.0,142.0,44.4549657066,ENG
,,24.7782533778,ARG
,,,USA
72.0,185.0,47.304280775,SWE
,,,
71.0,158.0,,FRA
,,,SCT
72.0,175.0,27.400171186,USA
72.0,260.0,40.7426369394,USA
74.0,185.0,35.096061597,USA
70.0,170.0,,USA
73.0,170.0,40.594691734,USA
72.0,185.0,,USA
,,,CAN
76.0,165.0,29.9782533778,USA
69.0,157.0,29.6494862545,CAN
,,,USA
,,26.2659246107,USA
73.0,180.0,35.6522259805,KOR
70.0,175.0,28.3837328299,USA
,,,USA
,,,USA
71.0,,,USA
,,,USA
,,23.701541049,CAN
73.0,195.0,,USA
,,,USA
70.0,170.0,,USA
71.0,180.0,36.1481163915,USA
,,,USA
,,,USA
,,26.8549657066,DNK
72.0,172.0,43.2768835148,DNK
72.0,182.0,32.1371574874,GBR
75.0,187.0,39.7344177614,SWE
,,,USA
,,,USA
67.0,150.0,30.4357876244,USA
73.0,196.0,45.8330478984,IRL
73.0,175.0,36.6138698162,USA
,,,USA
,,,USA
70.0,190.0,48.9070205011,USA
69.0,150.0,,USA
76.0,190.0,,USA
,,,USA
,,,
73.0,181.0,40.591952008,FRA
66.0,180.0,,USA
72.0,185.0,,USA
,,,USA
73.0,170.0,38.0330478984,CAN
72.0,152.0,34.2823629669,ENG
75.0,,26.5234588573,USA
72.0,191.0,47.4440068025,SWE
73.0,215.0,50.4549657066,USA
72.0,210.0,47.1672944737,USA
,,,USA
,,24.5289383093,CAN
72.0,170.0,43.8741437888,AUS
73.0,,,NZL
72.0,165.0,,USA
71.0,,,USA
72.0,185.0,28.2056506381,USA
75.0,190.0,42.2440068025,USA
68.0,150.0,45.0029109121,AUS
,,38.2275684463,USA
72.0,170.0,39.6467465285,USA
70.0,210.0,47.39743146,USA
,,,USA
75.0,200.0,42.6714040628,USA
71.0,168.0,44.5782533778,IRL
71.0,,28.7864725559,CAN
72.0,,,
74.0,185.0,28.9207191313,USA
,,21.7371574874,NZL
72.0,168.0,38.3727739258,NIR
72.0,200.0,40.5042807751,USA
73.0,180.0,27.8741437888,USA
,,,USA
67.0,180.0,31.1782533779,USA
,,26.1864725559,AUS
71.0,170.0,,USA
71.0,190.0,35.1727739258,USA
70.0,175.0,45.0029109121,USA
74.0,175.0,26.6001711861,USA
72.0,175.0,33.3755136518,USA
,,,USA
,,,USA
72.0,165.0,30.5535958436,USA
70.0,154.0,32.2029109121,ENG
,,,ENG
69.0,150.0,22.2768835149,USA
,,,ENG
,,,USA
73.0,175.0,42.0193492683,ENG
71.0,155.0,38.0248287203,USA
,,46.9152396792,USA
,,,
73.0,,,CHN
68.0,,36.4029109121,CHN
,,,CHN
,,,USA
,,,USA
,,,USA
72.0,190.0,27.0988013231,USA
,,26.6768835149,NLD
76.0,200.0,30.0851026929,USA
70.0,170.0,35.0522259806,USA
70.0,155.0,,USA
73.0,185.0,34.8659246108,USA
74.0,225.0,30.0686643368,USA
,,,
,,,
,,,USA
70.0,170.0,25.1097602272,KOR
67.0,155.0,35.0823629669,JPN
,,25.2330478984,USA
,,,JPN
73.0,183.0,37.5289383094,FIN
68.0,150.0,40.693321871,JPN
64.0,,24.7289383094,JPN
69.0,178.0,37.5344177614,ZAF
71.0,175.0,32.7152396793,USA
,,,USA
73.0,,26.8467465286,MYS
69.0,155.0,25.7727739258,JPN
73.0,,44.3535958436,MYS
72.0,160.0,36.4056506382,JPN
74.0,215.0,,USA
73.0,178.0,42.7590752957,SWE
71.0,163.0,43.1453766656,FRA
,,,USA
67.0,138.0,47.6440068026,THA
,,,USA
68.0,143.0,21.5782533779,THA
71.0,150.0,28.6768835149,KOR
,,29.2522259806,KOR
70.0,,,USA
72.0,175.0,,USA
69.0,182.0,41.5946917341,AUS
75.0,165.0,,USA
74.0,,33.0494862546,DNK
,,,PAK
,,,
70.0,162.0,,ESP
,,19.0577054327,CHN
71.0,180.0,,USA
,,,USA
76.0,190.0,33.0138698163,USA
72.0,200.0,50.186472556,USA
,,,USA
,,,USA
67.0,145.0,40.7042807752,SWE
74.0,180.0,35.8577054327,USA
71.0,160.0,41.3453766656,USA
69.0,211.0,28.3508561176,ENG
,,,USA
68.0,150.0,50.4796232409,USA
70.0,,23.9453766656,USA
72.0,170.0,37.1919520081,AUS
,,,AUS
,,,USA
,,,CAN
,,32.2220889944,USA
72.0,190.0,,USA
72.0,170.0,35.3700341998,FIN
69.0,150.0,48.7453766656,USA
70.0,160.0,27.0056506382,USA
68.0,165.0,30.0631848848,KOR
70.0,163.0,35.3727739259,IND
71.0,161.0,30.5700341998,SWE
,,,
77.0,198.0,47.8248287204,SWE
,,,USA
72.0,190.0,,USA
73.0,,25.2577054327,USA
66.0,159.0,24.0001711862,JPN
70.0,165.0,46.9124999533,USA
72.0,165.0,32.4960615971,DEU
,,,
71.0,165.0,,USA
69.0,175.0,24.5261985834,USA
74.0,210.0,38.9070205012,USA
68.0,150.0,,USA
,,,USA
70.0,200.0,,USA
,,,
75.0,196.0,45.0385273505,WLS
,,18.1426369396,THA
,,,DEU
73.0,190.0,35.682362967,USA
,,,USA
69.0,140.0,,USA
70.0,160.0,32.0220889944,USA
72.0,178.0,26.8467465286,KOR
,,,
,,,USA
68.0,,37.1289383095,KOR
,,39.7535958437,KOR
70.0,160.0,31.3782533779,KOR
,,,
,,,USA
71.0,150.0,23.9481163916,USA
,,,USA
,,,KOR
71.0,172.0,25.3398972136,KOR
72.0,179.0,,USA
,,,ENG
75.0,175.0,32.1371574875,USA
70.0,165.0,33.3645547478,USA
67.0,155.0,24.4440068026,USA
,,31.3179794054,USA
67.0,147.0,42.1207191314,DNK
71.0,160.0,,USA
73.0,,,USA
69.0,215.0,32.0029109122,USA
,,,USA
70.0,155.0,32.0166095423,SCT
71.0,160.0,41.4303081725,USA
,,,JPN
66.0,154.0,27.7892122821,JPN
72.0,186.0,27.1481163917,USA
74.0,170.0,29.876883515,NOR
74.0,170.0,27.3344177615,USA
72.0,,37.276883515,ZAF
76.0,225.0,32.0988013232,CAN
66.0,130.0,40.0330478985,JPN
68.0,168.0,36.9316780355,FIN
,,,USA
71.0,180.0,,USA
,,,USA
73.0,205.0,,USA
72.0,185.0,48.7426369396,USA
,,,USA
69.0,,,USA
76.0,195.0,39.0220889944,USA
74.0,205.0,41.8001711862,USA
,,45.876883515,USA
72.0,,34.2029109122,AUS
70.0,165.0,42.4440068026,USA
,,,
73.0,185.0,28.6303081725,IND
74.0,190.0,34.4960615972,SCT
,180.0,,USA
72.0,175.0,36.9618150218,USA
69.0,185.0,32.0001711862,TUR
72.0,170.0,,USA
67.0,155.0,29.8878424191,USA
,,22.1124999533,FRA
69.0,160.0,,DEU
70.0,160.0,28.1618150218,USA
69.0,170.0,,USA
70.0,173.0,34.1207191314,ESP
,,46.5124999533,PHL
71.0,198.0,48.4960615972,SCT
72.0,154.0,43.2741437889,IRL
70.0,175.0,34.5289383095,CAN
79.0,195.0,31.3700341999,USA
71.0,175.0,39.1234588574,USA
,,,
69.0,150.0,28.1070205013,KOR
,,23.6029109122,KOR
71.0,185.0,40.1398972136,SCT
72.0,170.0,26.9234588575,KOR
70.0,174.0,29.8111300903,KOR
75.0,200.0,39.8220889944,KOR
73.0,174.0,31.0412670766,KOR
,,,USA
70.0,,25.8385273506,KOR
68.0,165.0,30.0248287205,BRA
69.0,170.0,30.1481163917,USA
73.0,154.0,,CAN
,,,USA
,,23.7015410492,KOR
,,,USA
,,,USA
72.0,170.0,,CAN
74.0,215.0,,USA
74.0,200.0,33.676883515,AUS
,,33.0686643369,USA
71.0,172.0,32.6220889945,CHL
69.0,170.0,45.0412670766,USA
70.0,150.0,31.4330478986,MYS
75.0,183.0,37.1426369397,USA
,,43.4275684465,CAN
69.0,160.0,48.8193492684,FRA
70.0,155.0,33.0330478986,USA
72.0,190.0,26.9015410493,FRA
,,,USA
76.0,210.0,,USA
,,,
,,27.3946917342,ENG
74.0,,,ENG
72.0,165.0,22.2988013232,CHN
68.0,160.0,38.9070205013,CHN
73.0,185.0,47.9261985835,USA
72.0,193.0,,USA
70.0,,,USA
74.0,170.0,32.6303081726,USA
68.0,175.0,29.9316780356,SWE
71.0,165.0,28.9508561178,USA
74.0,180.0,32.4494862547,USA
,,,
,,,USA
,,,USA
76.0,215.0,39.6193492684,USA
,,,USA
,,,USA
72.0,215.0,49.9590752958,AUS
73.0,,28.7289383095,USA
,,29.8988013232,USA
73.0,175.0,28.5919520082,USA
70.0,,25.276883515,USA
77.0,190.0,,USA
75.0,175.0,,USA
,,,USA
76.0,210.0,29.4248287205,USA
,,,
74.0,,,
,,,USA
,,,IRL
74.0,230.0,,USA
,,,USA
72.0,,30.2357876246,IRL
,,,USA
69.0,155.0,,USA
,,20.874143789,AUS
70.0,155.0,31.468664337,NLD
72.0,176.0,,ESP
73.0,220.0,41.6138698164,USA
76.0,220.0,32.172773926,AUS
74.0,235.0,35.8522259808,AUS
72.0,187.0,,GBR
75.0,168.0,43.6933218712,ENG
74.0,,,USA
71.0,170.0,42.7535958438,USA
,,,
74.0,190.0,34.7782533781,USA
69.0,155.0,,USA
,,29.2138698164,DNK
72.0,180.0,,FRA
69.0,165.0,,USA
72.0,,22.9700342,USA
,,,USA
71.0,175.0,35.1152396794,USA
70.0,150.0,,USA
72.0,165.0,37.7590752959,USA
,,,USA
71.0,198.0,49.668664337,SGP
73.0,,24.1837328301,ITA
76.0,195.0,36.7234588575,USA
,,,USA
72.0,180.0,37.3015410493,USA
,,,USA
73.0,150.0,,THA
73.0,,,USA
,,,USA
68.0,160.0,,USA
72.0,,30.068664337,USA
71.0,175.0,29.8357876247,USA
74.0,170.0,45.0768835151,USA
72.0,195.0,43.5453766658,USA
70.0,180.0,46.2933218712,JPN
67.0,185.0,47.8001711863,JPN
,,,USA
72.0,168.0,43.3508561178,USA
68.0,150.0,33.9344177616,JPN
71.0,170.0,25.3316780356,JPN
72.0,185.0,37.6385273507,USA
70.0,180.0,37.567294474,USA
73.0,185.0,49.7124999534,USA
73.0,190.0,30.6166095425,USA
67.0,155.0,48.7344177617,USA
69.0,195.0,,USA
,,20.4905821452,ITA
,,,USA
70.0,190.0,,USA
,,,
70.0,170.0,,USA
,,,USA
,,,USA
72.0,195.0,44.7837328302,USA
73.0,185.0,,USA
,,,USA
,,,USA
70.0,155.0,26.2330478986,USA
73.0,220.0,,USA
,,,USA
,,,USA
71.0,135.0,23.3837328302,USA
,,,USA
71.0,168.0,37.9152396795,NIR
74.0,,,USA
67.0,161.0,,IRL
68.0,200.0,38.0220889945,USA
73.0,200.0,,USA
68.0,160.0,46.2166095425,IRL
70.0,160.0,28.1453766658,NIR
74.0,,,USA
73.0,175.0,40.1398972137,SCT
73.0,165.0,38.1371574877,USA
72.0,165.0,43.4412670767,ZWE
,,,
71.0,,36.2385273507,SCT
,,,USA
72.0,173.0,36.9289383096,USA
,,,USA
73.0,,,USA
72.0,170.0,41.7426369398,USA
70.0,170.0,36.0248287206,CAN
71.0,155.0,49.1152396795,USA
73.0,190.0,,USA
75.0,209.0,32.9344177617,THA
74.0,200.0,32.1015410494,USA
73.0,170.0,35.2741437891,USA
72.0,160.0,31.6714040631,USA
71.0,170.0,,USA
72.0,185.0,48.4851026932,USA
75.0,200.0,47.0412670768,USA
76.0,220.0,27.4056506384,USA
69.0,155.0,27.8138698165,USA
,,,
,160.0,,USA
,,,USA
,,,SCT
74.0,210.0,32.9782533781,USA
75.0,220.0,27.1563355699,USA
70.0,183.0,39.3152396795,CAN
,,,USA
73.0,180.0,24.9837328302,USA
73.0,,46.2412670768,USA
71.0,,,JPN
71.0,160.0,37.0248287206,JPN
72.0,165.0,,USA
72.0,180.0,38.4193492685,USA
71.0,163.0,36.3755136521,ITA
72.0,159.0,34.6357876247,ITA
,,,USA
73.0,210.0,,SCT
73.0,185.0,27.4549657069,USA
,,32.1946917343,USA
71.0,160.0,47.1755136521,USA
69.0,170.0,34.561815022,USA
,,,USA
,,,PRI
,,,
,,,USA
69.0,170.0,,USA
69.0,160.0,48.063184885,USA
,,,
71.0,178.0,32.4220889946,ENG
70.0,180.0,,USA
,,,USA
70.0,,48.7809931042,USA
,,,USA
,,,USA
74.0,210.0,,USA
73.0,200.0,38.8933218713,ZAF
,,,USA
67.0,161.0,22.3015410494,AUS
73.0,,23.7316780357,USA
,,,USA
68.0,170.0,39.3042807754,JPN
,,,USA
,,,USA
71.0,167.0,33.7837328302,KOR
71.0,175.0,34.4933218713,USA
76.0,197.0,28.764554748,USA
77.0,,,USA
,,,USA
,,21.4385273508,SCT
,,,USA
70.0,185.0,38.4905821453,USA
,,,USA
,,27.1864725563,USA
,,,
,,,USA
76.0,185.0,23.8905821453,USA
,,,USA
,,,
,,,USA
,,28.6357876248,AUS
73.0,180.0,34.6796232412,AUS
72.0,200.0,,NZL
73.0,165.0,26.0768835152,KOR
71.0,169.0,34.961815022,SWE
76.0,210.0,30.257705433,SWE
,,35.0823629672,USA
,,,USA
,,,USA
,,,USA
,,,USA
74.0,165.0,34.964554748,USA
72.0,165.0,45.7015410494,AUS
72.0,195.0,,USA
72.0,170.0,43.9070205015,USA
72.0,185.0,42.4056506385,USA
70.0,170.0,,USA
,,,USA
,,,JPN
71.0,200.0,40.5453766659,JPN
70.0,165.0,43.2275684467,USA
74.0,180.0,40.0494862549,AUS
72.0,220.0,,USA
71.0,175.0,36.2522259809,USA
,,,
,,,USA
,,,USA
70.0,160.0,,ESP
69.0,154.0,27.5124999535,DNK
74.0,205.0,50.4659246111,USA
,,,
,,,USA
,,,
,,,USA
70.0,160.0,34.6905821453,ZAF
70.0,165.0,37.460445159,USA
67.0,158.0,30.9207191316,ESP
,,,USA
69.0,160.0,37.2440068029,AUS
72.0,150.0,26.1727739262,MEX
69.0,,32.6248287207,USA
74.0,,35.7645547481,ENG
,,,
,,,USA
,,,USA
,,,USA
69.0,181.0,41.0111300905,ZAF
76.0,195.0,34.0851026933,USA
76.0,212.0,45.3618150221,ENG
,,,USA
,,32.7179794056,ENG
71.0,175.0,40.7755136522,USA
70.0,175.0,47.7700342001,AUS
,,25.6193492686,TWN
,,,USA
,,24.6905821453,USA
75.0,220.0,47.1508561179,ZAF
,,,USA
,,41.75633557,USA
,,,KOR
68.0,160.0,37.7124999536,KOR
67.0,160.0,31.0494862549,JPN
,,,USA
72.0,175.0,,SWE
73.0,197.0,,CAN
66.0,175.0,,AUS
67.0,140.0,30.6083903645,GBR
,,,USA
,,,
72.0,200.0,,USA
69.0,180.0,46.5042807755,USA
74.0,180.0,28.1645547481,ITA
69.0,155.0,,USA
,,,USA
,,,USA
,,,USA
,,,
73.0,205.0,26.0741437892,CAN
73.0,160.0,26.4905821454,USA
,,,USA
72.0,165.0,43.153595844,AUS
,,40.3645547481,ESP
,,,USA
72.0,190.0,41.3289383098,USA
70.0,175.0,,USA
73.0,195.0,,USA
74.0,205.0,,USA
,,,
,,,
,,,USA
70.0,155.0,,USA
,,,
72.0,160.0,40.2960615974,USA
71.0,165.0,28.1892122824,USA
,,29.4686643372,USA
74.0,195.0,,USA
71.0,195.0,39.8330478988,SWE
,,,USA
72.0,185.0,38.6440068029,USA
,,25.4111300906,BEL
,,,USA
69.0,160.0,31.6166095426,USA
,,,USA
73.0,195.0,40.5755136522,USA
,,,
,,,USA
70.0,160.0,33.3179794057,USA
,,,USA
73.0,,27.4385273509,ENG
,,,ZAF
73.0,,,USA
74.0,185.0,30.846746529,USA
70.0,200.0,33.6330478988,USA
73.0,189.0,41.4686643372,ENG
75.0,190.0,30.2878424194,IRL
,,,USA
75.0,210.0,38.2604451591,AUS
,,,
72.0,175.0,35.1453766659,AUS
72.0,190.0,,ZAF
72.0,175.0,47.9618150221,USA
,,,USA
,,,USA
70.0,175.0,32.8193492687,USA
,,36.0248287207,USA
,,,USA
70.0,180.0,43.8741437892,USA
72.0,210.0,,USA
73.0,170.0,,USA
76.0,215.0,34.0741437892,USA
69.0,,39.4905821454,PHL
71.0,160.0,47.8686643372,USA
72.0,175.0,,USA
73.0,190.0,38.6138698166,USA
75.0,182.0,34.4330478988,ESP
,,,USA
75.0,,,ESP
63.0,185.0,32.6001711865,BGD
,,22.3124999536,ENG
,,31.2933218714,USA
72.0,,24.8933218714,USA
70.0,175.0,32.2604451591,USA
69.0,154.0,34.0357876249,SCT
,,,SCT
,,,USA
,,,
,,,USA
74.0,205.0,32.6056506386,USA
,,,USA
69.0,160.0,35.6248287208,USA
,,,USA
70.0,170.0,25.9261985838,USA
72.0,200.0,26.8905821454,USA
70.0,,32.0138698167,USA
74.0,175.0,33.7070205016,USA
72.0,175.0,,CAN
70.0,175.0,,USA
73.0,210.0,33.6577054331,USA
,,,USA
74.0,195.0,32.5590752961,ENG
,,,
73.0,185.0,42.8111300906,USA
71.0,160.0,43.5590752961,USA
,,,USA
,,,
,,,
72.0,,32.2248287208,FRA
,,,USA
,,,USA
73.0,185.0,,USA
73.0,185.0,39.6029109126,BRA
70.0,168.0,40.2303081728,ENG
72.0,,41.3179794057,ENG
,,,USA
,,,USA
,,,USA
,,,USA
,,,
72.0,200.0,42.0138698167,USA
70.0,165.0,36.1398972139,ARG
75.0,185.0,36.9124999537,ZAF
,,24.4029109126,DEU
72.0,,44.3864725564,
71.0,185.0,27.6357876249,COL
,,,MEX
71.0,152.0,39.9234588578,AUS
,,,USA
,,28.6111300907,USA
69.0,170.0,,USA
74.0,,,USA
69.0,180.0,35.8029109126,KOR
67.0,155.0,31.4001711865,ARG
70.0,165.0,41.241267077,ZAF
,,,USA
71.0,183.0,31.6248287208,USA
,,,USA
,,,USA
,,,
,330.0,,USA
70.0,,,
73.0,,34.8056506386,PRT
,,,USA
68.0,150.0,,USA
72.0,175.0,29.9097602277,USA
67.0,,,USA
,,,USA
73.0,,,USA
,,,USA
,,,USA
,,21.0083903646,USA
,,,USA
72.0,210.0,46.948116392,USA
,,,USA
71.0,155.0,44.1289383099,USA
,,,USA
,,,USA
70.0,150.0,,USA
,,24.0275684468,USA
71.0,175.0,24.9070205016,USA
69.0,,,USA
70.0,180.0,44.2549657071,USA
71.0,160.0,29.1700342003,USA
74.0,250.0,45.7755136523,ZAF
,,,AUT
71.0,146.0,32.8220889948,ZAF
72.0,170.0,36.9508561181,AUS
71.0,180.0,33.8796232414,USA
74.0,185.0,25.8714040633,USA
75.0,193.0,46.1974314605,AUS
,,28.939897214,ENG
,,,MEX
71.0,170.0,39.1371574879,MEX
,,,USA
71.0,190.0,47.8933218715,USA
73.0,180.0,40.4220889948,AUS
,,,USA
71.0,175.0,,USA
72.0,,,USA
,,,USA
,,,HKG
,,26.1289383099,KOR
,,,USA
,,24.0933218715,ENG
72.0,190.0,,USA
74.0,165.0,36.9535958441,DEU
,,,USA
72.0,170.0,30.641267077,USA
72.0,150.0,32.6768835154,SCT
74.0,175.0,31.8851026934,USA
72.0,165.0,45.54263694,IND
74.0,208.0,,FJI
,,33.939897214,ENG
68.0,165.0,,USA
,,,
69.0,165.0,,USA
72.0,175.0,35.4029109126,ENG
74.0,175.0,30.1179794058,CAN
68.0,150.0,43.4029109126,USA
73.0,170.0,,USA
,,,USA
,,,USA
68.0,,,USA
72.0,185.0,36.244006803,USA
,,23.8522259811,AUS
71.0,190.0,48.2111300907,USA
73.0,180.0,,USA
,,,USA
76.0,220.0,31.5261985839,USA
74.0,165.0,33.8905821455,USA
73.0,160.0,38.8960615976,USA
,,,USA
,,,USA
,,,USA
70.0,220.0,44.3316780359,USA
71.0,150.0,,USA
73.0,185.0,36.5535958441,USA
,,,USA
74.0,225.0,44.0631848852,USA
,,,USA
,,25.9316780359,KOR
75.0,190.0,,USA
,,,USA
,,24.6741437894,FRA
,,,USA
,,,USA
,,,ENG
72.0,230.0,49.0604451592,USA
68.0,165.0,26.8467465291,USA
,,,USA
,,,AUS
73.0,135.0,23.9124999537,USA
74.0,,19.8111300907,USA
,,,USA
70.0,250.0,,USA
70.0,250.0,37.3946917346,USA
,,,USA
72.0,195.0,32.2577054332,USA
67.0,155.0,,FRA
72.0,190.0,,USA
,,,USA
73.0,185.0,47.5782533784,USA
71.0,140.0,29.6029109127,USA
71.0,185.0,,USA
74.0,170.0,34.2303081729,USA
74.0,205.0,29.0220889949,USA
,,25.6851026935,USA
75.0,180.0,33.9892122825,USA
,,45.4988013236,USA
74.0,190.0,41.233047899,SWE
67.0,150.0,35.835787625,ZAF
,,,USA
72.0,168.0,33.0933218716,SCT
,,,USA
75.0,215.0,44.0796232414,USA
71.0,170.0,,USA
72.0,180.0,,USA
71.0,180.0,47.1426369401,AUS
73.0,29.0,32.9508561182,USA
,,27.5097602277,ZAF
70.0,174.0,39.2960615976,ENG
72.0,168.0,40.2275684469,AUS
70.0,165.0,30.2220889949,USA
70.0,175.0,38.6494862551,USA
72.0,190.0,50.3535958442,USA
77.0,190.0,31.4467465291,USA
74.0,180.0,35.3974314606,USA
70.0,165.0,34.5481163921,USA
,,,USA
,,,ESP
,,,USA
,,,USA
69.0,159.0,31.1070205017,ENG
73.0,185.0,,USA
,,,USA
68.0,205.0,33.5700342004,USA
72.0,,,USA
,,,USA
73.0,185.0,,USA
,,23.4823629675,CAN
69.0,200.0,37.7398972141,USA
74.0,200.0,29.7974314606,USA
,,,USA
,,26.6166095428,PHL
69.0,165.0,39.3755136524,JPN
67.0,146.0,37.4193492689,JPN
75.0,180.0,42.3042807757,USA
65.0,157.0,49.3892122826,JPN
70.0,175.0,45.6686643374,NZL
72.0,,,ENG
,,,CAN
72.0,150.0,41.3070205017,USA
70.0,180.0,38.230308173,USA
,,,USA
75.0,195.0,,USA
67.0,176.0,48.7070205017,JPN
69.0,185.0,40.2166095428,USA
75.0,,,USA
72.0,165.0,24.1563355702,USA
74.0,185.0,40.6412670771,USA
72.0,,24.531678036,USA
70.0,165.0,38.1782533785,USA
,,27.8166095428,USA
72.0,185.0,32.1974314607,USA
72.0,185.0,34.5070205018,USA
,,20.2029109127,USA
74.0,161.0,40.2823629675,ENG
,,18.6631848853,CHN
72.0,170.0,44.7535958442,USA
75.0,180.0,31.931678036,USA
,,31.6823629675,USA
69.0,160.0,,MEX
,,,JPN
70.0,160.0,50.4905821456,USA
71.0,160.0,27.7070205018,USA
75.0,185.0,36.526198584,USA
,,,USA
,,36.7809931045,AUT
,,,
,,,
74.0,185.0,29.8412670771,USA
75.0,200.0,,USA
70.0,175.0,,USA
77.0,185.0,,USA
76.0,205.0,50.4604451593,USA
,,,
,,,JPN
70.0,210.0,42.3234588579,USA
72.0,190.0,39.2796232415,USA
76.0,195.0,,USA
,,,USA
73.0,185.0,31.9124999538,USA
69.0,180.0,43.3097602278,JPN
74.0,155.0,27.824828721,USA
73.0,,,USA
,,,
66.0,175.0,48.9097602278,USA
68.0,,,CHL
,,,
72.0,175.0,,USA
72.0,175.0,35.4741437895,ZAF
78.0,238.0,34.3755136525,ZAF
73.0,189.0,42.7618150223,ZAF
76.0,200.0,42.1234588579,USA
,,,USA
,,,ZAF
70.0,170.0,38.3453766662,ZAF
,,,
69.0,165.0,26.8631848853,USA
69.0,154.0,26.633047899,MEX
69.0,190.0,,USA
74.0,230.0,32.8549657073,VEN
,,,USA
69.0,165.0,,USA
,,,USA
69.0,155.0,28.6714040634,MEX
69.0,160.0,35.4714040634,COL
,,,COL
,,,ZWE
,,,USA
,,,USA
,,,USA
,,,USA
65.0,142.0,28.52893831,THA
75.0,230.0,37.2659246114,USA
73.0,185.0,,NZL
74.0,155.0,43.2111300908,ENG
72.0,225.0,,USA
,,,USA
74.0,180.0,38.4494862552,USA
74.0,196.0,42.0878424196,ENG
,,,
,,,USA
,,,CAN
,,,KOR
,,,USA
68.0,160.0,42.024828721,USA
71.0,168.0,36.2412670771,SCT
68.0,165.0,34.92893831,USA
74.0,180.0,36.1755136525,USA
75.0,180.0,38.6467465292,USA
69.0,175.0,,USA
,,27.1316780361,AUS
69.0,160.0,26.4577054333,FRA
,,,
,,,USA
,,26.2056506388,USA
68.0,154.0,42.4494862552,ENG
72.0,210.0,43.9371574881,USA
73.0,165.0,37.5672944744,USA
69.0,,47.9755136525,USA
,,,USA
69.0,155.0,47.1371574881,CAN
,,25.5097602278,USA
70.0,,,USA
72.0,205.0,44.1837328306,ENG
72.0,205.0,43.8905821457,USA
75.0,215.0,39.3508561183,USA
71.0,170.0,26.7097602278,CAN
71.0,150.0,30.8467465292,USA
,,25.7398972142,USA
70.0,175.0,45.4905821457,KOR
,,,
75.0,250.0,,USA
74.0,190.0,31.7179794059,AUT
,,,USA
,,,USA
67.0,160.0,38.926198584,NZL
71.0,170.0,29.7316780361,ENG
71.0,160.0,,USA
,,17.4768835155,USA
72.0,,35.5015410498,USA
,,,USA
70.0,180.0,50.3974314607,USA
76.0,170.0,26.926198584,USA
73.0,175.0,43.6056506388,USA
73.0,,37.2823629676,ENG
71.0,175.0,24.6440068032,USA
73.0,165.0,32.6960615977,USA
72.0,175.0,47.5371574881,USA
68.0,145.0,42.6631848854,USA
71.0,168.0,36.7864725566,ENG
,,,USA
,,,USA
68.0,158.0,32.5727739265,USA
,,,USA
,,,CAN
,,,USA
77.0,189.0,29.5837328306,ENG
67.0,145.0,,USA
,,,
73.0,200.0,33.1015410498,USA
73.0,185.0,41.4988013238,USA
71.0,,,USA
70.0,150.0,,USA
64.0,167.0,,WLS
,,,USA
,,,USA
72.0,,23.6275684471,USA
64.0,,32.0138698169,CHN
71.0,,,USA
,,,MEX
71.0,165.0,23.7344177621,KOR
69.0,195.0,45.4577054334,KOR
69.0,140.0,39.9809931046,JPN
71.0,205.0,26.0851026937,USA
,,,USA
68.0,150.0,44.9344177621,JPN
71.0,170.0,30.2878424197,AUS
,,,ENG
,,,
,,20.8549657074,USA
66.0,155.0,34.1042807758,PRY
,,,USA
72.0,165.0,,CHN
,,,CHN
,,25.4960615978,AUS
,,,CAN
